epoch,train_loss,val_loss,val_roc_auc_score
1,0.6430698644881155,0.5531279444694519,0.7681613517151742
2,0.5659309130088955,0.5037289261817932,0.7803230747806712
3,0.5310921681862252,0.5364990234375,0.7933841619087407
4,0.518479916862413,0.47892051935195923,0.8055981061133547
5,0.5065235916305991,0.47133705019950867,0.8035672840365782
6,0.4936139436329112,0.5291826725006104,0.8158566587754723
7,0.4892949433887706,0.4867760241031647,0.8200401522536322
8,0.4719413712912915,0.44840848445892334,0.8179745160841109
9,0.46972912053267163,0.46597611904144287,0.818276238221232
