{
    "mean_loss": 0.4143425524234772,
    "mean_accuracy": 0.7934945788156798,
    "mean_auprc": 0.5278848072156627,
    "mean_auroc": 0.8667230956542097,
    "std_loss": 0.030992256477475166,
    "std_accuracy": 0.013298503037861393,
    "std_auprc": 0.022843425817072858,
    "std_auroc": 0.005365376604682372
}