{
    "mean_loss": 0.42023926973342896,
    "mean_accuracy": 0.42023926973342896,
    "mean_auprc": 0.42023926973342896,
    "mean_auroc": 0.42023926973342896,
    "std_loss": 0.06222732737660408,
    "std_accuracy": 0.06222732737660408,
    "std_auprc": 0.06222732737660408,
    "std_auroc": 0.06222732737660408
}