{
    "mean_loss": 0.49699869751930237,
    "mean_accuracy": 0.7441201000834028,
    "mean_auprc": 0.4970323455620906,
    "mean_auroc": 0.8460567279019686,
    "std_loss": 0.022423895075917244,
    "std_accuracy": 0.018480081067900042,
    "std_auprc": 0.01736217658858125,
    "std_auroc": 0.011773147935206372
}