{
    "mean_loss": 0.4210537075996399,
    "mean_accuracy": 0.4210537075996399,
    "mean_auprc": 0.4210537075996399,
    "mean_auroc": 0.4210537075996399,
    "std_loss": 0.014219686388969421,
    "std_accuracy": 0.014219686388969421,
    "std_auprc": 0.014219686388969421,
    "std_auroc": 0.014219686388969421
}