{
    "mean_loss": 0.4210537075996399,
    "mean_accuracy": 0.7951626355296081,
    "mean_auprc": 0.510008399314701,
    "mean_auroc": 0.8564261878162416,
    "std_loss": 0.014219686388969421,
    "std_accuracy": 0.012343619683069237,
    "std_auprc": 0.0263205430407259,
    "std_auroc": 0.0056399512283876515
}