{
    "mean_loss": 0.47296303510665894,
    "mean_accuracy": 0.753628023352794,
    "mean_auprc": 0.49216134708944265,
    "mean_auroc": 0.8482321865740208,
    "std_loss": 0.03600161895155907,
    "std_accuracy": 0.011659704498616374,
    "std_auprc": 0.016039702836595563,
    "std_auroc": 0.010836229930861675
}